paper_id,source,source_url,download_url,pdf_path
2015_undated_unidentified_Agriculture_Pharmacy_008f7f55,UPI QP Bank,https://upiqpbank.com/ap-eamcet/ap-eamcet-2015-question-papers/,https://upiqpbank.com/wp-content/uploads/2018/10/AP-EAMCET-2015-AGRICULTURE-AND-MEDICINE.pdf,papers/2015/Date_Not_Identified/Shift_Not_Identified/Agriculture_Pharmacy/question_paper.pdf
2015_undated_unidentified_Engineering_cf777a07,SelfStudys,https://www.selfstudys.com/books/ap-eamcet-previous-year-paper/english/year-wise/2015/ap-eamcet-paper-2015/1063716,https://www.selfstudys.com/sitepdfs/X4yO62Z0HW0nNNMaEmr1,papers/2015/Date_Not_Identified/Shift_Not_Identified/Engineering/question_paper.pdf
2016_2016-04-29_unidentified_Engineering_39ddd291,SelfStudys,https://www.selfstudys.com/update/275567,https://www.selfstudys.com/sitepdfs/YC5nbmLl8FnJBYHtNLqa,papers/2016/2016-04-29/Shift_Not_Identified/Engineering/question_paper_7d47a1b6ce4703da.pdf
2016_undated_unidentified_Agriculture_Pharmacy_03277939,UPI QP Bank,https://upiqpbank.com/ap-eamcet/ap-eamcet-2016-question-papers/,https://upiqpbank.com/wp-content/uploads/2018/10/AP-EAMCET-2016-AGRICULTURE-AND-MEDICINE-QUESTION-PAPER-AND-SOLUTIONS.pdf,papers/2016/Date_Not_Identified/Shift_Not_Identified/Agriculture_Pharmacy/question_paper.pdf
2016_undated_unidentified_Engineering_acd88d2b,UPI QP Bank,https://upiqpbank.com/ap-eamcet/ap-eamcet-2016-question-papers/,https://upiqpbank.com/wp-content/uploads/2018/10/AP-EAMCET-2016-ENGINEERING-QUESTION-PAPER-AND-SOLUTIONS.pdf,papers/2016/Date_Not_Identified/Shift_Not_Identified/Engineering/question_paper.pdf
2017_2017-04-24_Shift_1_Engineering_96c10f9d,UPI QP Bank,https://upiqpbank.com/ap-eamcet/ap-eamcet-2017-question-papers/,https://upiqpbank.com/wp-content/uploads/2018/10/AP-EAMCET-2017-ENGINEERING-QUESTION-PAPER-AND-SOLUTIONS-24th-April-2017-Shift-1.pdf,papers/2017/2017-04-24/Shift_1/Engineering/question_paper.pdf
2017_2017-04-24_Shift_2_Engineering_e0d6baf5,SelfStudys,https://www.selfstudys.com/books/ap-eamcet-previous-year-paper/english/year-wise/2017/ap-eamcet-24-april-2017-shift-2/1063721,https://www.selfstudys.com/sitepdfs/dErMD8XkvWB7PYATfnif,papers/2017/2017-04-24/Shift_2/Engineering/question_paper.pdf
2017_2017-04-25_Shift_1_Engineering_d1587da0,SelfStudys,https://www.selfstudys.com/books/ap-eamcet-previous-year-paper/english/year-wise/2017/ap-eamcet-25-april-2017-shift-1/1063720,https://www.selfstudys.com/sitepdfs/4f0OI2mjXcgjoaxBclvY,papers/2017/2017-04-25/Shift_1/Engineering/question_paper.pdf
2017_2017-04-25_Shift_2_Engineering_e7e93fd8,SelfStudys,https://www.selfstudys.com/books/ap-eamcet-previous-year-paper/english/year-wise/2017/ap-eamcet-25-april-2017-shift-2/1063719,https://www.selfstudys.com/sitepdfs/4xZMEgubmiddENFE2vDC,papers/2017/2017-04-25/Shift_2/Engineering/question_paper.pdf
2017_2017-04-26_Shift_1_Engineering_be80d89b,SelfStudys,https://www.selfstudys.com/books/ap-eamcet-previous-year-paper/english/year-wise/2017/ap-eamcet-26-april-2017-shift-1/1063718,https://www.selfstudys.com/sitepdfs/3bc2kt6XH26UPJEAiWlq,papers/2017/2017-04-26/Shift_1/Engineering/question_paper.pdf
2017_2017-04-26_Shift_2_Engineering_58e233a0,SelfStudys,https://www.selfstudys.com/books/ap-eamcet-previous-year-paper/english/year-wise/2017/ap-eamcet-26-april-2017-shift-2/1063717,https://www.selfstudys.com/sitepdfs/BJJWmy2FXjnOS8Zk9rJD,papers/2017/2017-04-26/Shift_2/Engineering/question_paper.pdf
2017_2017-04-28_Shift_1_Agriculture_Pharmacy_e8bc22b9,UPI QP Bank,https://upiqpbank.com/ap-eamcet/ap-eamcet-2017-question-papers/,https://upiqpbank.com/wp-content/uploads/2018/10/AP-EAMCET-2017-AGRICULTURE-AND-MEDICINE-QUESTION-PAPER-AND-SOLUTIONS-28th-April-2017-Shift-1.pdf,papers/2017/2017-04-28/Shift_1/Agriculture_Pharmacy/question_paper.pdf
2017_2017-04-28_Shift_2_Agriculture_Pharmacy_78741936,UPI QP Bank,https://upiqpbank.com/ap-eamcet/ap-eamcet-2017-question-papers/,https://upiqpbank.com/wp-content/uploads/2018/10/AP-EAMCET-2017-AGRICULTURE-AND-MEDICINE-QUESTION-PAPER-AND-SOLUTIONS-28th-April-2017-Shift-2.pdf,papers/2017/2017-04-28/Shift_2/Agriculture_Pharmacy/question_paper.pdf
2018_2018-04-22_Shift_1_Engineering_74335095,SelfStudys,https://www.selfstudys.com/books/ap-eamcet-previous-year-paper/english/year-wise/2018/ap-eamcet-22-april-2018-shift-1/1063738,https://www.selfstudys.com/sitepdfs/EJX6EHOIGrPoYZsOqNVc,papers/2018/2018-04-22/Shift_1/Engineering/question_paper.pdf
2018_2018-04-22_Shift_2_Engineering_b83af311,SelfStudys,https://www.selfstudys.com/books/ap-eamcet-previous-year-paper/english/year-wise/2018/ap-eamcet-22-april-2018-shift-2/1063737,https://www.selfstudys.com/sitepdfs/MmfKgbi8JeNkzXrvG8pi,papers/2018/2018-04-22/Shift_2/Engineering/question_paper.pdf
2018_2018-04-23_Shift_1_Engineering_663fdf2c,SelfStudys,https://www.selfstudys.com/books/ap-eamcet-previous-year-paper/english/year-wise/2018/ap-eamcet-23-april-2018-shift-1/1063736,https://www.selfstudys.com/sitepdfs/TLJ95xuxDK2ARcKfxpxI,papers/2018/2018-04-23/Shift_1/Engineering/question_paper.pdf
2018_2018-04-23_Shift_2_Engineering_92129f04,SelfStudys,https://www.selfstudys.com/books/ap-eamcet-previous-year-paper/english/year-wise/2018/ap-eamcet-23-april-2018-shift-2/1063735,https://www.selfstudys.com/sitepdfs/nXTcT48jAfGLvBVnreD4,papers/2018/2018-04-23/Shift_2/Engineering/question_paper.pdf
2018_2018-04-24_Shift_1_Engineering_0921f60c,SelfStudys,https://www.selfstudys.com/books/ap-eamcet-previous-year-paper/english/year-wise/2018/ap-eamcet-24-april-2018-shift-1/1063734,https://www.selfstudys.com/sitepdfs/KS2abClST4DmAd5Pk6kX,papers/2018/2018-04-24/Shift_1/Engineering/question_paper.pdf
2018_2018-04-24_Shift_2_Engineering_8546e926,SelfStudys,https://www.selfstudys.com/books/ap-eamcet-previous-year-paper/english/year-wise/2018/ap-eamcet-24-april-2017-shift-1/1063722,https://www.selfstudys.com/sitepdfs/m0yv3UrENv1mEeEZSemS,papers/2018/2018-04-24/Shift_2/Engineering/question_paper_8546e926ce99.pdf
2018_2018-04-25_Shift_1_Agriculture_Pharmacy_4f0422ff,UPI QP Bank,https://upiqpbank.com/ap-eamcet/ap-eamcet-2018-question-papers/,https://upiqpbank.com/wp-content/uploads/2018/10/AP-EAMCET-2018-AGRICULTURE-AND-MEDICINE-QUESTION-PAPER-AND-SOLUTIONS-Apr-25-2018-forenoon.pdf,papers/2018/2018-04-25/Shift_1/Agriculture_Pharmacy/question_paper.pdf
2018_2018-04-25_Shift_2_Agriculture_Pharmacy_88771595,UPI QP Bank,https://upiqpbank.com/ap-eamcet/ap-eamcet-2018-question-papers/,https://upiqpbank.com/wp-content/uploads/2018/10/AP-EAMCET-2018-AGRICULTURE-AND-MEDICINE-QUESTION-PAPER-AND-SOLUTIONS-Apr-25-2018-afternoon.pdf,papers/2018/2018-04-25/Shift_2/Agriculture_Pharmacy/question_paper.pdf
2019_2019-04-20_Shift_1_Engineering_62cc32fd,SelfStudys,https://www.selfstudys.com/books/ap-eamcet-previous-year-paper/english/year-wise/2019/ap-eamcet-20-april-2019-shift-1/1063750,https://www.selfstudys.com/sitepdfs/MDwfLg6L2MwnQDmOJnqf,papers/2019/2019-04-20/Shift_1/Engineering/question_paper.pdf
2019_2019-04-20_Shift_2_Engineering_33077db9,SelfStudys,https://www.selfstudys.com/books/ap-eamcet-previous-year-paper/english/year-wise/2019/ap-eamcet-20-april-2019-shift-2/1063749,https://www.selfstudys.com/sitepdfs/jRWeL1ZGpDfgf0TYQoac,papers/2019/2019-04-20/Shift_2/Engineering/question_paper.pdf
2019_2019-04-21_Shift_1_Engineering_ff010f9d,SelfStudys,https://www.selfstudys.com/books/ap-eamcet-previous-year-paper/english/year-wise/2019/ap-eamcet-21-april-2019-shift-1/1063747,https://www.selfstudys.com/sitepdfs/bE2If4Pk17GMD8VZ8Fth,papers/2019/2019-04-21/Shift_1/Engineering/question_paper.pdf
2019_2019-04-21_Shift_2_Engineering_4bea0bbb,SelfStudys,https://www.selfstudys.com/books/ap-eamcet-previous-year-paper/english/year-wise/2019/ap-eamcet-21-april-2019-shift-2/1063745,https://www.selfstudys.com/sitepdfs/bRQV9VSjRzLz5kmS6JA3,papers/2019/2019-04-21/Shift_2/Engineering/question_paper.pdf
2019_2019-04-22_Shift_1_Engineering_5305a834,SelfStudys,https://www.selfstudys.com/books/ap-eamcet-previous-year-paper/english/year-wise/2019/ap-eamcet-22-april-2019-shift-1/1063742,https://www.selfstudys.com/sitepdfs/EU3h5DwtcFv4LZ6THi9B,papers/2019/2019-04-22/Shift_1/Engineering/question_paper.pdf
2019_2019-04-22_Shift_2_Engineering_f86d6bfb,SelfStudys,https://www.selfstudys.com/books/ap-eamcet-previous-year-paper/english/year-wise/2019/ap-eamcet-22-april-2019-shift-2/1063740,https://www.selfstudys.com/sitepdfs/pvMSPVUXkdKLDGM5movn,papers/2019/2019-04-22/Shift_2/Engineering/question_paper.pdf
2019_2019-04-23_Shift_1_Engineering_6582daa8,SelfStudys,https://www.selfstudys.com/books/ap-eamcet-previous-year-paper/english/year-wise/2019/ap-eamcet-23-april-2019-shift-1/1063739,https://www.selfstudys.com/sitepdfs/740KT2JBeS4xjtOMbzDO,papers/2019/2019-04-23/Shift_1/Engineering/question_paper.pdf
2019_2019-04-23_Shift_2_Agriculture_Pharmacy_203ed540,CareerIndia,https://www.careerindia.com/exam/ap-eamcet-eapcet-question-papers-e21.html,https://www.careerindia.com/exam/ap-eamcet-agricultural-medical-question-paper-afternoon-23-april-2019-1424.pdf,papers/2019/2019-04-23/Shift_2/Agriculture_Pharmacy/question_paper.pdf
2019_2019-04-24_Shift_1_Agriculture_Pharmacy_6ff9337c,CareerIndia,https://www.careerindia.com/exam/ap-eamcet-eapcet-question-papers-e21.html,https://www.careerindia.com/exam/ap-eamcet-agricultural-medical-question-paper-morning-24-april-2019-1426.pdf,papers/2019/2019-04-24/Shift_1/Agriculture_Pharmacy/question_paper.pdf
2019_2019-04-24_Shift_2_Agriculture_Pharmacy_1a0edabc,CareerIndia,https://www.careerindia.com/exam/ap-eamcet-eapcet-question-papers-e21.html,https://www.careerindia.com/exam/ap-eamcet-agricultural-medical-question-paper-afternoon-24-april-2019-1428.pdf,papers/2019/2019-04-24/Shift_2/Agriculture_Pharmacy/question_paper.pdf
2020_2020-09-17_Shift_1_Engineering_9320ed79,SelfStudys,https://www.selfstudys.com/books/ap-eamcet-previous-year-paper/english/year-wise/2020/ap-eamcet-17-sep-2020-shift-1/1063759,https://www.selfstudys.com/sitepdfs/fZpEdLAaADqRlV9zWRdR,papers/2020/2020-09-17/Shift_1/Engineering/question_paper.pdf
2020_2020-09-17_Shift_2_Engineering_076a9316,SelfStudys,https://www.selfstudys.com/books/ap-eamcet-previous-year-paper/english/year-wise/2020/ap-eamcet-17-sep-2020-shift-2/1063758,https://www.selfstudys.com/sitepdfs/Cdd129GJWCr4RrwvYX2a,papers/2020/2020-09-17/Shift_2/Engineering/question_paper.pdf
2020_2020-09-18_Shift_1_Engineering_b6089225,SelfStudys,https://www.selfstudys.com/books/ap-eamcet-previous-year-paper/english/year-wise/2020/ap-eamcet-18-sep-2020-shift-1/1063757,https://www.selfstudys.com/sitepdfs/nJm1KtfeB4LNh0cw1Twv,papers/2020/2020-09-18/Shift_1/Engineering/question_paper.pdf
2020_2020-09-18_Shift_2_Engineering_a3e90cac,SelfStudys,https://www.selfstudys.com/books/ap-eamcet-previous-year-paper/english/year-wise/2020/ap-eamcet-18-sep-2020-shift-2/1063756,https://www.selfstudys.com/sitepdfs/JS7cqKWVP7EGZDDkB3Br,papers/2020/2020-09-18/Shift_2/Engineering/question_paper.pdf
2020_2020-09-21_Shift_1_Engineering_380a3e0e,SelfStudys,https://www.selfstudys.com/books/ap-eamcet-previous-year-paper/english/year-wise/2020/ap-eamcet-21-sep-2020-shift-1/1063755,https://www.selfstudys.com/sitepdfs/FoLNr75sSDLrmhaZtF07,papers/2020/2020-09-21/Shift_1/Engineering/question_paper.pdf
2020_2020-09-21_Shift_2_Engineering_c26b4aed,SelfStudys,https://www.selfstudys.com/books/ap-eamcet-previous-year-paper/english/year-wise/2020/ap-eamcet-21-sep-2020-shift-2/1063754,https://www.selfstudys.com/sitepdfs/B9K25vfOowdouyossdQh,papers/2020/2020-09-21/Shift_2/Engineering/question_paper.pdf
2020_2020-09-22_Shift_1_Engineering_5df26b01,SelfStudys,https://www.selfstudys.com/books/ap-eamcet-previous-year-paper/english/year-wise/2020/ap-eamcet-22-sep-2020-shift-1/1063753,https://www.selfstudys.com/sitepdfs/ZI64wX7mggIxzE1AGIy1,papers/2020/2020-09-22/Shift_1/Engineering/question_paper.pdf
2020_2020-09-22_Shift_2_Engineering_e0d4aec2,SelfStudys,https://www.selfstudys.com/books/ap-eamcet-previous-year-paper/english/year-wise/2020/ap-eamcet-22-sep-2020-shift-2/1063752,https://www.selfstudys.com/sitepdfs/zOw1XNCzAKEAEGIWkw8p,papers/2020/2020-09-22/Shift_2/Engineering/question_paper.pdf
2020_2020-09-23_Shift_1_Engineering_246f2345,SelfStudys,https://www.selfstudys.com/books/ap-eamcet-previous-year-paper/english/year-wise/2020/ap-eamcet-23-sep-2020-shift-1/1063751,https://www.selfstudys.com/sitepdfs/EAlmJsoTybSYqXfUACrH,papers/2020/2020-09-23/Shift_1/Engineering/question_paper.pdf
2020_2020-09-23_Shift_2_Agriculture_Pharmacy_0804973b,CollegeDekho,https://www.collegedekho.com/exam/ap-eamcet/previous-year-question-papers,https://static.collegedekho.com/media/django-summernote/2020-09-26/cc10adf9-3907-4c44-97e8-ca0ff189d615.pdf,papers/2020/2020-09-23/Shift_2/Agriculture_Pharmacy/question_paper_f4dd3ebdb5916976.pdf
2020_2020-09-24_Shift_1_Agriculture_Pharmacy_c6044dc9,CollegeDekho,https://www.collegedekho.com/exam/ap-eamcet/previous-year-question-papers,https://static.collegedekho.com/media/django-summernote/2020-09-26/7395d39e-a6a9-4b7a-bc34-db23b4b40640.pdf,papers/2020/2020-09-24/Shift_1/Agriculture_Pharmacy/question_paper_599625a860457d08.pdf
2020_2020-09-24_Shift_2_Agriculture_Pharmacy_84640886,CollegeDekho,https://www.collegedekho.com/exam/ap-eamcet/previous-year-question-papers,https://static.collegedekho.com/media/django-summernote/2020-09-26/03ccbfef-9eb8-4a2c-9be5-9b469652ff65.pdf,papers/2020/2020-09-24/Shift_2/Agriculture_Pharmacy/question_paper_1f9a25e732e63bdc.pdf
2020_2020-09-25_Shift_1_Agriculture_Pharmacy_7beca86d,CollegeDekho,https://www.collegedekho.com/exam/ap-eamcet/previous-year-question-papers,https://static.collegedekho.com/media/django-summernote/2020-09-26/76c9407a-e7ef-42db-8a33-1d0940255c13.pdf,papers/2020/2020-09-25/Shift_1/Agriculture_Pharmacy/question_paper.pdf
2020_2020-09-25_Shift_2_Agriculture_Pharmacy_fca8786d,CollegeDekho,https://www.collegedekho.com/exam/ap-eamcet/previous-year-question-papers,https://static.collegedekho.com/media/django-summernote/2020-09-26/6d9f0eca-18da-4fa7-b785-fceda7e5ca20.pdf,papers/2020/2020-09-25/Shift_2/Agriculture_Pharmacy/question_paper_0ea622a3cf0d1b54.pdf
2020_2020-10-07_Shift_1_Agriculture_Pharmacy_1a5fc6d4,CollegeDekho,https://www.collegedekho.com/exam/ap-eamcet/previous-year-question-papers,https://static.collegedekho.com/media/django-summernote/2021-03-29/f6c12334-df25-4e39-be38-5f514fbb238b.pdf,papers/2020/2020-10-07/Shift_1/Agriculture_Pharmacy/question_paper.pdf
2020_2020-10-07_Shift_1_Engineering_f73ea016,SelfStudys,https://www.selfstudys.com/books/ap-eamcet-previous-year-paper/english/year-wise/2020/ap-eamcet-07-oct-2020-shift-1/1063760,https://www.selfstudys.com/sitepdfs/oWOc19womjjMNowfTW1U,papers/2020/2020-10-07/Shift_1/Engineering/question_paper.pdf
2021_2021-08-19_Shift_1_Engineering_549dea95,CareerIndia,https://www.careerindia.com/exam/ap-eamcet-eapcet-question-papers-e21.html,https://www.careerindia.com/exam/ap-eamcet-eapcet-engineering-shift-1-19th-aug-21-question-paper-2021-2091.pdf,papers/2021/2021-08-19/Shift_1/Engineering/question_paper.pdf
2021_2021-08-19_Shift_2_Engineering_75ff9d95,CareerIndia,https://www.careerindia.com/exam/ap-eamcet-eapcet-question-papers-e21.html,https://www.careerindia.com/exam/ap-eamcet-eapcet-engineering-shift-2-19th-aug-21-question-paper-2021-2092.pdf,papers/2021/2021-08-19/Shift_2/Engineering/question_paper.pdf
2021_2021-08-20_Shift_1_Engineering_34b27603,CareerIndia,https://www.careerindia.com/exam/ap-eamcet-eapcet-question-papers-e21.html,https://www.careerindia.com/exam/ap-eamcet-eapcet-engineering-shift-1-20th-aug-21-question-paper-2021-2089.pdf,papers/2021/2021-08-20/Shift_1/Engineering/question_paper.pdf
2021_2021-08-20_Shift_2_Engineering_c12be6ab,CareerIndia,https://www.careerindia.com/exam/ap-eamcet-eapcet-question-papers-e21.html,https://www.careerindia.com/exam/ap-eamcet-eapcet-engineering-shift-2-20th-aug-21-question-paper-2021-2090.pdf,papers/2021/2021-08-20/Shift_2/Engineering/question_paper.pdf
2021_2021-08-23_Shift_1_Engineering_623eab86,CareerIndia,https://www.careerindia.com/exam/ap-eamcet-eapcet-question-papers-e21.html,https://www.careerindia.com/exam/ap-eamcet-eapcet-engineering-shift-1-23rd-aug-21-question-paper-2021-2087.pdf,papers/2021/2021-08-23/Shift_1/Engineering/question_paper.pdf
2021_2021-08-23_Shift_2_Engineering_1e3b8b90,CareerIndia,https://www.careerindia.com/exam/ap-eamcet-eapcet-question-papers-e21.html,https://www.careerindia.com/exam/ap-eamcet-eapcet-engineering-shift-2-23rd-aug-21-question-paper-2021-2088.pdf,papers/2021/2021-08-23/Shift_2/Engineering/question_paper.pdf
2021_2021-08-24_Shift_1_Engineering_23831180,CareerIndia,https://www.careerindia.com/exam/ap-eamcet-eapcet-question-papers-e21.html,https://www.careerindia.com/exam/ap-eamcet-eapcet-engineering-shift-1-24th-aug-21-question-paper-2021-2085.pdf,papers/2021/2021-08-24/Shift_1/Engineering/question_paper.pdf
2021_2021-08-24_Shift_2_Engineering_ae600223,CareerIndia,https://www.careerindia.com/exam/ap-eamcet-eapcet-question-papers-e21.html,https://www.careerindia.com/exam/ap-eamcet-eapcet-engineering-shift-2-24th-aug-21-question-paper-2021-2086.pdf,papers/2021/2021-08-24/Shift_2/Engineering/question_paper.pdf
2021_2021-08-25_Shift_1_Engineering_d8c2fc1d,CareerIndia,https://www.careerindia.com/exam/ap-eamcet-eapcet-question-papers-e21.html,https://www.careerindia.com/exam/ap-eamcet-eapcet-engineering-shift-1-25th-aug-21-question-paper-2021-2083.pdf,papers/2021/2021-08-25/Shift_1/Engineering/question_paper.pdf
2021_2021-08-25_Shift_2_Engineering_8c87c6eb,CareerIndia,https://www.careerindia.com/exam/ap-eamcet-eapcet-question-papers-e21.html,https://www.careerindia.com/exam/ap-eamcet-eapcet-engineering-shift-2-25th-aug-21-question-paper-2021-2084.pdf,papers/2021/2021-08-25/Shift_2/Engineering/question_paper.pdf
2021_2021-09-03_Shift_1_Agriculture_Pharmacy_eddf862c,CollegeDekho,https://www.collegedekho.com/news/ap-eamcet-2021-bpc-agriculture-question-paper-22427/,https://static.collegedekho.com/media/django-summernote/2021-09-07/61b95ab9-b595-48e4-8de0-3301b6a7a0ee.pdf,papers/2021/2021-09-03/Shift_1/Agriculture_Pharmacy/question_paper.pdf
2021_2021-09-03_Shift_2_Agriculture_Pharmacy_6787967d,CollegeDekho,https://www.collegedekho.com/news/ap-eamcet-2021-bpc-agriculture-question-paper-22427/,https://static.collegedekho.com/media/django-summernote/2021-09-07/e7314f3b-31c9-446d-a977-fa13501b8ba7.pdf,papers/2021/2021-09-03/Shift_2/Agriculture_Pharmacy/question_paper.pdf
2021_2021-09-06_Shift_1_Agriculture_Pharmacy_94ac319f,CollegeDekho,https://www.collegedekho.com/news/ap-eamcet-2021-bpc-agriculture-question-paper-22427/,https://static.collegedekho.com/media/django-summernote/2021-09-07/8c95263c-a750-4e17-bd01-6abf31f11626.pdf,papers/2021/2021-09-06/Shift_1/Agriculture_Pharmacy/question_paper.pdf
2021_2021-09-06_Shift_2_Agriculture_Pharmacy_28de319b,CollegeDekho,https://www.collegedekho.com/news/ap-eamcet-2021-bpc-agriculture-question-paper-22427/,https://static.collegedekho.com/media/django-summernote/2021-09-07/cbdd54a2-1014-40ea-b28b-848169bf3b0e.pdf,papers/2021/2021-09-06/Shift_2/Agriculture_Pharmacy/question_paper.pdf
2021_2021-09-07_Shift_1_Agriculture_Pharmacy_1b05702b,CollegeDekho,https://www.collegedekho.com/news/ap-eamcet-2021-bpc-agriculture-question-paper-22427/,https://static.collegedekho.com/media/django-summernote/2021-09-07/41b951a2-8e52-4170-81fe-f53827656be1.pdf,papers/2021/2021-09-07/Shift_1/Agriculture_Pharmacy/question_paper.pdf
2022_2022-07-04_Shift_1_Engineering_84269d49,CareerIndia,https://www.careerindia.com/exam/ap-eamcet-eapcet-question-papers-e21.html,https://www.careerindia.com/exam/ap-eamcet-eapcet-engineering-shift-1-4th-july-22-question-paper-2022-2028.pdf,papers/2022/2022-07-04/Shift_1/Engineering/question_paper.pdf
2022_2022-07-04_Shift_2_Engineering_436d80e0,CareerIndia,https://www.careerindia.com/exam/ap-eamcet-eapcet-question-papers-e21.html,https://www.careerindia.com/exam/ap-eamcet-eapcet-engineering-shift-2-4th-july-22-question-paper-2022-2029.pdf,papers/2022/2022-07-04/Shift_2/Engineering/question_paper.pdf
2022_2022-07-05_Shift_1_Engineering_594a309f,CareerIndia,https://www.careerindia.com/exam/ap-eamcet-eapcet-question-papers-e21.html,https://www.careerindia.com/exam/ap-eamcet-eapcet-engineering-shift-1-5th-july-22-question-paper-2022-2030.pdf,papers/2022/2022-07-05/Shift_1/Engineering/question_paper.pdf
2022_2022-07-05_Shift_2_Engineering_9834ade8,CareerIndia,https://www.careerindia.com/exam/ap-eamcet-eapcet-question-papers-e21.html,https://www.careerindia.com/exam/ap-eamcet-eapcet-engineering-shift-2-5th-july-22-question-paper-2022-2031.pdf,papers/2022/2022-07-05/Shift_2/Engineering/question_paper.pdf
2022_2022-07-06_Shift_1_Engineering_381d67d4,CareerIndia,https://www.careerindia.com/exam/ap-eamcet-eapcet-question-papers-e21.html,https://www.careerindia.com/exam/ap-eamcet-eapcet-engineering-shift-1-6th-july-22-question-paper-2022-2032.pdf,papers/2022/2022-07-06/Shift_1/Engineering/question_paper.pdf
2022_2022-07-06_Shift_2_Engineering_792e7385,CareerIndia,https://www.careerindia.com/exam/ap-eamcet-eapcet-question-papers-e21.html,https://www.careerindia.com/exam/ap-eamcet-eapcet-engineering-shift-2-6th-july-22-question-paper-2022-2033.pdf,papers/2022/2022-07-06/Shift_2/Engineering/question_paper.pdf
2022_2022-07-07_Shift_1_Engineering_6b5cd0a4,CareerIndia,https://www.careerindia.com/exam/ap-eamcet-eapcet-question-papers-e21.html,https://www.careerindia.com/exam/ap-eamcet-eapcet-engineering-shift-1-7th-july-22-question-paper-2022-2034.pdf,papers/2022/2022-07-07/Shift_1/Engineering/question_paper.pdf
2022_2022-07-07_Shift_2_Engineering_33a351d0,CareerIndia,https://www.careerindia.com/exam/ap-eamcet-eapcet-question-papers-e21.html,https://www.careerindia.com/exam/ap-eamcet-eapcet-engineering-shift-2-7th-july-22-question-paper-2022-2035.pdf,papers/2022/2022-07-07/Shift_2/Engineering/question_paper.pdf
2022_2022-07-08_Shift_1_Engineering_1fcbf579,CareerIndia,https://www.careerindia.com/exam/ap-eamcet-eapcet-question-papers-e21.html,https://www.careerindia.com/exam/ap-eamcet-eapcet-engineering-shift-1-8th-july-22-question-paper-2022-2036.pdf,papers/2022/2022-07-08/Shift_1/Engineering/question_paper.pdf
2022_2022-07-08_Shift_2_Engineering_75d75548,CareerIndia,https://www.careerindia.com/exam/ap-eamcet-eapcet-question-papers-e21.html,https://www.careerindia.com/exam/ap-eamcet-eapcet-engineering-shift-2-8th-july-22-question-paper-2022-2037.pdf,papers/2022/2022-07-08/Shift_2/Engineering/question_paper.pdf
2022_2022-07-11_Shift_1_Agriculture_Pharmacy_b1917d52,CareerIndia,https://www.careerindia.com/exam/ap-eamcet-eapcet-question-papers-e21.html,https://www.careerindia.com/exam/ap-eamcet-eapcet-agriculture-shift-1-11th-july-22-question-paper-2022-2038.pdf,papers/2022/2022-07-11/Shift_1/Agriculture_Pharmacy/question_paper.pdf
2022_2022-07-11_Shift_2_Agriculture_Pharmacy_31a73195,CareerIndia,https://www.careerindia.com/exam/ap-eamcet-eapcet-question-papers-e21.html,https://www.careerindia.com/exam/ap-eamcet-eapcet-agriculture-shift-2-11th-july-22-question-paper-2022-2039.pdf,papers/2022/2022-07-11/Shift_2/Agriculture_Pharmacy/question_paper.pdf
2022_2022-07-12_Shift_1_Agriculture_Pharmacy_eaf40270,CareerIndia,https://www.careerindia.com/exam/ap-eamcet-eapcet-question-papers-e21.html,https://www.careerindia.com/exam/ap-eamcet-eapcet-agriculture-shift-1-12th-july-22-question-paper-2022-2040.pdf,papers/2022/2022-07-12/Shift_1/Agriculture_Pharmacy/question_paper.pdf
2022_2022-07-12_Shift_2_Agriculture_Pharmacy_f942403d,BYJU'S,https://byjus.com/jee/ap-eamcet-question-paper/,https://cdn1.byjus.com/wp-content/uploads/2023/03/AP-EAMCET-12-Jul-2022-Afternoon.pdf,papers/2022/2022-07-12/Shift_2/Agriculture_Pharmacy/question_paper.pdf
2023_2023-05-15_Shift_1_Engineering_bfb92b4f,CareerIndia,https://www.careerindia.com/exam/ap-eamcet-eapcet-question-papers-e21.html,https://www.careerindia.com/exam/ap-eamcet-eapcet-engineering-shift-1-15th-may-2023-question-paper-2023-2347.pdf,papers/2023/2023-05-15/Shift_1/Engineering/question_paper.pdf
2023_2023-05-15_Shift_2_Engineering_2be8a559,CareerIndia,https://www.careerindia.com/exam/ap-eamcet-eapcet-question-papers-e21.html,https://www.careerindia.com/exam/ap-eamcet-eapcet-engineering-shift-2-15th-may-2023-question-paper-2023-2348.pdf,papers/2023/2023-05-15/Shift_2/Engineering/question_paper.pdf
2023_2023-05-16_Shift_1_Engineering_2fd8027c,CareerIndia,https://www.careerindia.com/exam/ap-eamcet-eapcet-question-papers-e21.html,https://www.careerindia.com/exam/ap-eamcet-eapcet-engineering-shift-1-16th-may-2023-question-paper-2023-2349.pdf,papers/2023/2023-05-16/Shift_1/Engineering/question_paper.pdf
2023_2023-05-16_Shift_2_Engineering_e2f1bd14,CareerIndia,https://www.careerindia.com/exam/ap-eamcet-eapcet-question-papers-e21.html,https://www.careerindia.com/exam/ap-eamcet-eapcet-engineering-shift-2-16th-may-2023-question-paper-2023-2350.pdf,papers/2023/2023-05-16/Shift_2/Engineering/question_paper.pdf
2023_2023-05-17_Shift_1_Engineering_ecad9fd6,CareerIndia,https://www.careerindia.com/exam/ap-eamcet-eapcet-question-papers-e21.html,https://www.careerindia.com/exam/ap-eamcet-eapcet-engineering-shift-1-17th-may-2023-question-paper-2023-2351.pdf,papers/2023/2023-05-17/Shift_1/Engineering/question_paper.pdf
2023_2023-05-17_Shift_2_Engineering_4170cb40,CareerIndia,https://www.careerindia.com/exam/ap-eamcet-eapcet-question-papers-e21.html,https://www.careerindia.com/exam/ap-eamcet-eapcet-engineering-shift-2-17th-may-2023-question-paper-2023-2352.pdf,papers/2023/2023-05-17/Shift_2/Engineering/question_paper.pdf
2023_2023-05-18_Shift_1_Engineering_e9b93b61,CareerIndia,https://www.careerindia.com/exam/ap-eamcet-eapcet-question-papers-e21.html,https://www.careerindia.com/exam/ap-eamcet-eapcet-engineering-shift-1-18th-may-2023-question-paper-2023-2353.pdf,papers/2023/2023-05-18/Shift_1/Engineering/question_paper.pdf
2023_2023-05-18_Shift_2_Engineering_dc74e530,CareerIndia,https://www.careerindia.com/exam/ap-eamcet-eapcet-question-papers-e21.html,https://www.careerindia.com/exam/ap-eamcet-eapcet-engineering-shift-2-18th-may-2023-question-paper-2023-2354.pdf,papers/2023/2023-05-18/Shift_2/Engineering/question_paper.pdf
2023_2023-05-19_Shift_1_Engineering_c8a2dc5f,CareerIndia,https://www.careerindia.com/exam/ap-eamcet-eapcet-question-papers-e21.html,https://www.careerindia.com/exam/ap-eamcet-eapcet-engineering-shift-1-19th-may-2023-question-paper-2023-2355.pdf,papers/2023/2023-05-19/Shift_1/Engineering/question_paper.pdf
2023_2023-05-22_Shift_1_Agriculture_Pharmacy_99c27d8a,CollegeDekho,https://www.collegedekho.com/news/ap-eamcet-2023-question-paper-answer-key-40433/,https://static.collegedekho.com/media/uploads/2023/05/24/qpk_s10.pdf,papers/2023/2023-05-22/Shift_1/Agriculture_Pharmacy/question_paper.pdf
2023_2023-05-22_Shift_2_Agriculture_Pharmacy_adda6ab6,CollegeDekho,https://www.collegedekho.com/news/ap-eamcet-2023-question-paper-answer-key-40433/,https://static.collegedekho.com/media/uploads/2023/05/24/qpk_s11.pdf,papers/2023/2023-05-22/Shift_2/Agriculture_Pharmacy/question_paper.pdf
2023_2023-05-23_Shift_1_Agriculture_Pharmacy_825514f8,CollegeDekho,https://www.collegedekho.com/news/ap-eamcet-2023-question-paper-answer-key-40433/,https://static.collegedekho.com/media/uploads/2023/05/24/qpk_s12.pdf,papers/2023/2023-05-23/Shift_1/Agriculture_Pharmacy/question_paper.pdf
2023_2023-05-23_Shift_2_Agriculture_Pharmacy_6012769e,CollegeDekho,https://www.collegedekho.com/news/ap-eamcet-2023-question-paper-answer-key-40433/,https://static.collegedekho.com/media/uploads/2023/05/24/qpk_s13.pdf,papers/2023/2023-05-23/Shift_2/Agriculture_Pharmacy/question_paper.pdf
2024_2024-05-16_Shift_1_Agriculture_Pharmacy_2197d210,CareerIndia,https://www.careerindia.com/exam/ap-eamcet-eapcet-question-papers-e21.html,https://www.careerindia.com/exam/ap-eamcet-eapcet-agriculture-pharmacy-shift-1-16th-may-2024-question-paper-with-answer-keys-2024-2448.pdf,papers/2024/2024-05-16/Shift_1/Agriculture_Pharmacy/question_paper.pdf
2024_2024-05-16_Shift_2_Agriculture_Pharmacy_63915d79,CareerIndia,https://www.careerindia.com/exam/ap-eamcet-eapcet-question-papers-e21.html,https://www.careerindia.com/exam/ap-eamcet-eapcet-agriculture-pharmacy-shift-2-16th-may-2024-question-paper-with-answer-keys-2024-2449.pdf,papers/2024/2024-05-16/Shift_2/Agriculture_Pharmacy/question_paper.pdf
2024_2024-05-17_Shift_1_Agriculture_Pharmacy_23f896ad,CareerIndia,https://www.careerindia.com/exam/ap-eamcet-eapcet-question-papers-e21.html,https://www.careerindia.com/exam/ap-eamcet-eapcet-agriculture-pharmacy-shift-1-17th-may-2024-question-paper-with-answer-keys-2024-2450.pdf,papers/2024/2024-05-17/Shift_1/Agriculture_Pharmacy/question_paper.pdf
2024_2024-05-17_Shift_2_Agriculture_Pharmacy_c517618c,CareerIndia,https://www.careerindia.com/exam/ap-eamcet-eapcet-question-papers-e21.html,https://www.careerindia.com/exam/ap-eamcet-eapcet-agriculture-pharmacy-shift-2-17th-may-2024-question-paper-with-answer-keys-2024-2451.pdf,papers/2024/2024-05-17/Shift_2/Agriculture_Pharmacy/question_paper.pdf
2024_2024-05-18_Shift_1_Engineering_07f9ecfe,CareerIndia,https://www.careerindia.com/exam/ap-eamcet-eapcet-question-papers-e21.html,https://www.careerindia.com/exam/ap-eamcet-eapcet-engineering-shift-1-18th-may-2024-question-paper-with-answer-keys-2024-2452.pdf,papers/2024/2024-05-18/Shift_1/Engineering/question_paper.pdf
2024_2024-05-19_Shift_2_Engineering_573c9b04,CareerIndia,https://www.careerindia.com/exam/ap-eamcet-eapcet-question-papers-e21.html,https://www.careerindia.com/exam/ap-eamcet-eapcet-engineering-shift-2-19th-may-2024-question-paper-with-answer-keys-2024-2453.pdf,papers/2024/2024-05-19/Shift_2/Engineering/question_paper.pdf
2024_2024-05-20_Shift_1_Engineering_18803111,CareerIndia,https://www.careerindia.com/exam/ap-eamcet-eapcet-question-papers-e21.html,https://www.careerindia.com/exam/ap-eamcet-eapcet-engineering-shift-1-20th-may-2024-question-paper-with-answer-keys-2024-2454.pdf,papers/2024/2024-05-20/Shift_1/Engineering/question_paper.pdf
2024_2024-05-20_Shift_2_Engineering_c7c6999a,CareerIndia,https://www.careerindia.com/exam/ap-eamcet-eapcet-question-papers-e21.html,https://www.careerindia.com/exam/ap-eamcet-eapcet-engineering-shift-2-20th-may-2024-question-paper-with-answer-keys-2024-2455.pdf,papers/2024/2024-05-20/Shift_2/Engineering/question_paper.pdf
2024_2024-05-21_Shift_1_Engineering_442fe5c8,CareerIndia,https://www.careerindia.com/exam/ap-eamcet-eapcet-question-papers-e21.html,https://www.careerindia.com/exam/ap-eamcet-eapcet-engineering-shift-1-21st-may-2024-question-paper-with-answer-keys-2024-2456.pdf,papers/2024/2024-05-21/Shift_1/Engineering/question_paper.pdf
2024_2024-05-21_Shift_2_Engineering_d50d5a98,CareerIndia,https://www.careerindia.com/exam/ap-eamcet-eapcet-question-papers-e21.html,https://www.careerindia.com/exam/ap-eamcet-eapcet-engineering-shift-2-21st-may-2024-question-paper-with-answer-keys-2024-2457.pdf,papers/2024/2024-05-21/Shift_2/Engineering/question_paper.pdf
2024_2024-05-22_Shift_1_Engineering_2555df4d,CareerIndia,https://www.careerindia.com/exam/ap-eamcet-eapcet-question-papers-e21.html,https://www.careerindia.com/exam/ap-eamcet-eapcet-engineering-shift-1-22nd-may-2024-question-paper-with-answer-keys-2024-2458.pdf,papers/2024/2024-05-22/Shift_1/Engineering/question_paper.pdf
2024_2024-05-22_Shift_2_Engineering_8bab8c6f,CareerIndia,https://www.careerindia.com/exam/ap-eamcet-eapcet-question-papers-e21.html,https://www.careerindia.com/exam/ap-eamcet-eapcet-engineering-shift-2-22nd-may-2024-question-paper-with-answer-keys-2024-2459.pdf,papers/2024/2024-05-22/Shift_2/Engineering/question_paper.pdf
2024_2024-05-23_Shift_1_Engineering_899a952c,CareerIndia,https://www.careerindia.com/exam/ap-eamcet-eapcet-question-papers-e21.html,https://www.careerindia.com/exam/ap-eamcet-eapcet-engineering-shift-1-23rd-may-2024-question-paper-with-answer-keys-2024-2460.pdf,papers/2024/2024-05-23/Shift_1/Engineering/question_paper.pdf
2025_2025-05-19_Shift_1_Agriculture_Pharmacy_e2b9ebd4,APSCHE (official),https://cets.apsche.ap.gov.in/EAPCET25/Eapcet/EAPCET_ExamPapersFinal.aspx,https://cets.apsche.ap.gov.in/EAPCET/PDF/EXAM_PAPER_FINAL/QPK_19TH_MAY_SHIFT_1_FINAL.pdf,papers/2025/2025-05-19/Shift_1/Agriculture_Pharmacy/question_paper.pdf
2025_2025-05-19_Shift_2_Agriculture_Pharmacy_87f83b50,APSCHE (official),https://cets.apsche.ap.gov.in/EAPCET25/Eapcet/EAPCET_ExamPapersFinal.aspx,https://cets.apsche.ap.gov.in/EAPCET/PDF/EXAM_PAPER_FINAL/QPK_19TH_MAY_SHIFT_2_FINAL.pdf,papers/2025/2025-05-19/Shift_2/Agriculture_Pharmacy/question_paper.pdf
2025_2025-05-20_Shift_1_Agriculture_Pharmacy_48b0a4ac,APSCHE (official),https://cets.apsche.ap.gov.in/EAPCET25/Eapcet/EAPCET_ExamPapersFinal.aspx,https://cets.apsche.ap.gov.in/EAPCET/PDF/EXAM_PAPER_FINAL/QPK_20TH_MAY_SHIFT_1_FINAL.pdf,papers/2025/2025-05-20/Shift_1/Agriculture_Pharmacy/question_paper.pdf
2025_2025-05-20_Shift_2_Agriculture_Pharmacy_e156eebe,APSCHE (official),https://cets.apsche.ap.gov.in/EAPCET25/Eapcet/EAPCET_ExamPapersFinal.aspx,https://cets.apsche.ap.gov.in/EAPCET/PDF/EXAM_PAPER_FINAL/QPK_20TH_MAY_SHIFT_2_FINAL.pdf,papers/2025/2025-05-20/Shift_2/Agriculture_Pharmacy/question_paper.pdf
2025_2025-05-21_Shift_1_Engineering_618c17c4,APSCHE (official),https://cets.apsche.ap.gov.in/EAPCET25/Eapcet/EAPCET_ExamPapersFinal.aspx,https://cets.apsche.ap.gov.in/EAPCET/PDF/EXAM_PAPER_FINAL/QPK_21ST_MAY_SHIFT_1_FINAL.pdf,papers/2025/2025-05-21/Shift_1/Engineering/question_paper_9baf9fdc5055aafd.pdf
2025_2025-05-21_Shift_2_Engineering_24f498bc,APSCHE (official),https://cets.apsche.ap.gov.in/EAPCET25/Eapcet/EAPCET_ExamPapersFinal.aspx,https://cets.apsche.ap.gov.in/EAPCET/PDF/EXAM_PAPER_FINAL/QPK_21ST_MAY_SHIFT_2_FINAL.pdf,papers/2025/2025-05-21/Shift_2/Engineering/question_paper_478670243542c927.pdf
2025_2025-05-22_Shift_1_Engineering_defd58a2,APSCHE (official),https://cets.apsche.ap.gov.in/EAPCET25/Eapcet/EAPCET_ExamPapersFinal.aspx,https://cets.apsche.ap.gov.in/EAPCET/PDF/EXAM_PAPER_FINAL/QPK_22ND_MAY_SHIFT_1_FINAL.pdf,papers/2025/2025-05-22/Shift_1/Engineering/question_paper_bf9a17026596f68e.pdf
2025_2025-05-22_Shift_2_Engineering_75a5b47a,APSCHE (official),https://cets.apsche.ap.gov.in/EAPCET25/Eapcet/EAPCET_ExamPapersFinal.aspx,https://cets.apsche.ap.gov.in/EAPCET/PDF/EXAM_PAPER_FINAL/QPK_22ND_MAY_SHIFT_2_FINAL.pdf,papers/2025/2025-05-22/Shift_2/Engineering/question_paper_187a9c8e827e7d23.pdf
2025_2025-05-23_Shift_1_Engineering_8503677d,APSCHE (official),https://cets.apsche.ap.gov.in/EAPCET25/Eapcet/EAPCET_ExamPapersFinal.aspx,https://cets.apsche.ap.gov.in/EAPCET/PDF/EXAM_PAPER_FINAL/QPK_23RD_MAY_SHIFT_1_FINAL.pdf,papers/2025/2025-05-23/Shift_1/Engineering/question_paper_8c3da60f1f3dab9f.pdf
2025_2025-05-23_Shift_2_Engineering_4c1c7ccd,APSCHE (official),https://cets.apsche.ap.gov.in/EAPCET25/Eapcet/EAPCET_ExamPapersFinal.aspx,https://cets.apsche.ap.gov.in/EAPCET/PDF/EXAM_PAPER_FINAL/QPK_23RD_MAY_SHIFT_2_FINAL.pdf,papers/2025/2025-05-23/Shift_2/Engineering/question_paper_b1072ee3124af902.pdf
2025_2025-05-24_Shift_1_Engineering_57f36368,APSCHE (official),https://cets.apsche.ap.gov.in/EAPCET25/Eapcet/EAPCET_ExamPapersFinal.aspx,https://cets.apsche.ap.gov.in/EAPCET/PDF/EXAM_PAPER_FINAL/QPK_24th_MAY_SHIFT_1_FINAL.pdf,papers/2025/2025-05-24/Shift_1/Engineering/question_paper_526b8bd7a5021599.pdf
2025_2025-05-26_Shift_1_Engineering_459afcf2,APSCHE (official),https://cets.apsche.ap.gov.in/EAPCET25/Eapcet/EAPCET_ExamPapersFinal.aspx,https://cets.apsche.ap.gov.in/EAPCET/PDF/EXAM_PAPER_FINAL/QPK_26th_MAY_SHIFT_1_FINAL.pdf,papers/2025/2025-05-26/Shift_1/Engineering/question_paper_5ca2822a37b1a8d0.pdf
2025_2025-05-26_Shift_2_Engineering_5aed86b4,APSCHE (official),https://cets.apsche.ap.gov.in/EAPCET25/Eapcet/EAPCET_ExamPapersFinal.aspx,https://cets.apsche.ap.gov.in/EAPCET/PDF/EXAM_PAPER_FINAL/QPK_26th_MAY_SHIFT_2_FINAL.pdf,papers/2025/2025-05-26/Shift_2/Engineering/question_paper_46050e2e0771ae9b.pdf
2025_2025-05-27_Shift_1_Engineering_a2ad2b69,APSCHE (official),https://cets.apsche.ap.gov.in/EAPCET25/Eapcet/EAPCET_ExamPapersFinal.aspx,https://cets.apsche.ap.gov.in/EAPCET/PDF/EXAM_PAPER_FINAL/QPK_27th_MAY_SHIFT_1_FINAL.pdf,papers/2025/2025-05-27/Shift_1/Engineering/question_paper_58368183ab2a86be.pdf
2026_2026-05-12_Shift_1_Engineering_6a1ec6e0,APSCHE (official),https://cets.apsche.ap.gov.in/EAPCET/Eapcet/EAPCET_ExamPapers.aspx,https://cets.apsche.ap.gov.in/EAPCET/PDF/EXAM_PAPER/QPK_12TH_MAY2026_SHIFT_1.pdf,papers/2026/2026-05-12/Shift_1/Engineering/question_paper.pdf
2026_2026-05-12_Shift_2_Engineering_8254feed,APSCHE (official),https://cets.apsche.ap.gov.in/EAPCET/Eapcet/EAPCET_ExamPapers.aspx,https://cets.apsche.ap.gov.in/EAPCET/PDF/EXAM_PAPER/QPK_12TH_MAY2026_SHIFT_2.pdf,papers/2026/2026-05-12/Shift_2/Engineering/question_paper.pdf
2026_2026-05-13_Shift_1_Engineering_4daed576,APSCHE (official),https://cets.apsche.ap.gov.in/EAPCET/Eapcet/EAPCET_ExamPapers.aspx,https://cets.apsche.ap.gov.in/EAPCET/PDF/EXAM_PAPER/QPK_13TH_MAY2026_SHIFT_1.pdf,papers/2026/2026-05-13/Shift_1/Engineering/question_paper.pdf
2026_2026-05-13_Shift_2_Engineering_0f71bc00,APSCHE (official),https://cets.apsche.ap.gov.in/EAPCET/Eapcet/EAPCET_ExamPapers.aspx,https://cets.apsche.ap.gov.in/EAPCET/PDF/EXAM_PAPER/QPK_13TH_MAY2026_SHIFT_2.pdf,papers/2026/2026-05-13/Shift_2/Engineering/question_paper.pdf
2026_2026-05-14_Shift_1_Engineering_0ee14cee,APSCHE (official),https://cets.apsche.ap.gov.in/EAPCET/Eapcet/EAPCET_ExamPapers.aspx,https://cets.apsche.ap.gov.in/EAPCET/PDF/EXAM_PAPER/QPK_14TH_MAY2026_SHIFT_1.pdf,papers/2026/2026-05-14/Shift_1/Engineering/question_paper.pdf
2026_2026-05-14_Shift_2_Engineering_6db1dbdd,APSCHE (official),https://cets.apsche.ap.gov.in/EAPCET/Eapcet/EAPCET_ExamPapers.aspx,https://cets.apsche.ap.gov.in/EAPCET/PDF/EXAM_PAPER/QPK_14TH_MAY2026_SHIFT_2.pdf,papers/2026/2026-05-14/Shift_2/Engineering/question_paper.pdf
2026_2026-05-15_Shift_1_Engineering_acac1434,APSCHE (official),https://cets.apsche.ap.gov.in/EAPCET/Eapcet/EAPCET_ExamPapers.aspx,https://cets.apsche.ap.gov.in/EAPCET/PDF/EXAM_PAPER/QPK_15TH_MAY2026_SHIFT_1.pdf,papers/2026/2026-05-15/Shift_1/Engineering/question_paper.pdf
2026_2026-05-15_Shift_2_Engineering_c250cff3,APSCHE (official),https://cets.apsche.ap.gov.in/EAPCET/Eapcet/EAPCET_ExamPapers.aspx,https://cets.apsche.ap.gov.in/EAPCET/PDF/EXAM_PAPER/QPK_15TH_MAY2026_SHIFT_2.pdf,papers/2026/2026-05-15/Shift_2/Engineering/question_paper.pdf
2026_2026-05-18_Shift_1_Engineering_2274eac5,APSCHE (official),https://cets.apsche.ap.gov.in/EAPCET/Eapcet/EAPCET_ExamPapers.aspx,https://cets.apsche.ap.gov.in/EAPCET/PDF/EXAM_PAPER/QPK_18TH_MAY2026_SHIFT_1.pdf,papers/2026/2026-05-18/Shift_1/Engineering/question_paper.pdf
2026_2026-05-18_Shift_2_Engineering_1c3c45aa,APSCHE (official),https://cets.apsche.ap.gov.in/EAPCET/Eapcet/EAPCET_ExamPapers.aspx,https://cets.apsche.ap.gov.in/EAPCET/PDF/EXAM_PAPER/QPK_18TH_MAY2026_SHIFT_2.pdf,papers/2026/2026-05-18/Shift_2/Engineering/question_paper.pdf
2026_2026-05-19_Shift_1_Agriculture_Pharmacy_eccdf1ae,APSCHE (official),https://cets.apsche.ap.gov.in/EAPCET/Eapcet/EAPCET_ExamPapers.aspx,https://cets.apsche.ap.gov.in/EAPCET/PDF/EXAM_PAPER/QPK_19TH_MAY2026_SHIFT_1.pdf,papers/2026/2026-05-19/Shift_1/Agriculture_Pharmacy/question_paper.pdf
2026_2026-05-19_Shift_2_Agriculture_Pharmacy_cbd16eeb,APSCHE (official),https://cets.apsche.ap.gov.in/EAPCET/Eapcet/EAPCET_ExamPapers.aspx,https://cets.apsche.ap.gov.in/EAPCET/PDF/EXAM_PAPER/QPK_19TH_MAY2026_SHIFT_2.pdf,papers/2026/2026-05-19/Shift_2/Agriculture_Pharmacy/question_paper.pdf
2026_2026-05-20_Shift_1_Agriculture_Pharmacy_4f49aaad,APSCHE (official),https://cets.apsche.ap.gov.in/EAPCET/Eapcet/EAPCET_ExamPapers.aspx,https://cets.apsche.ap.gov.in/EAPCET/PDF/EXAM_PAPER/QPK_20TH_MAY2026_SHIFT_1.pdf,papers/2026/2026-05-20/Shift_1/Agriculture_Pharmacy/question_paper.pdf
2026_2026-05-20_Shift_2_Agriculture_Pharmacy_9ba7c10f,APSCHE (official),https://cets.apsche.ap.gov.in/EAPCET/Eapcet/EAPCET_ExamPapers.aspx,https://cets.apsche.ap.gov.in/EAPCET/PDF/EXAM_PAPER/QPK_20TH_MAY2026_SHIFT_2.pdf,papers/2026/2026-05-20/Shift_2/Agriculture_Pharmacy/question_paper.pdf
,CollegeDekho,https://www.collegedekho.com/exam/ap-eamcet/previous-year-question-papers,https://static.collegedekho.com/media/django-summernote/2021-03-29/4d5ea50e-ba37-4d34-8b87-dccf724fc1f8.pdf,papers/2020/2020-10-07/Shift_1/Agriculture_Pharmacy/answer_key_099a3ff0e75d.pdf
2020_2020-10-07_Shift_1_Engineering_d656450c,CareerIndia,https://www.careerindia.com/exam/ap-eamcet-eapcet-question-papers-e21.html,https://www.careerindia.com/exam/ap-eamcet-engineering-answer-key-morning-07-oct-2020-1779.pdf,papers/2020/2020-10-07/Shift_1/Engineering/answer_key_94e7ebdc852a.pdf
,CollegeDekho,https://www.collegedekho.com/exam/ap-eamcet/previous-year-question-papers,https://static.collegedekho.com/media/django-summernote/2021-03-29/97ebc0a3-6e1c-4e8c-b607-91c43e59c1b4.pdf,papers/2020/2020-10-07/Shift_1/Engineering/answer_key_557c2c1fb6ac.pdf
,CollegeDekho,https://www.collegedekho.com/exam/ap-eamcet/previous-year-question-papers,https://static.collegedekho.com/media/django-summernote/2020-09-26/53c6390a-4d84-4be1-a135-f973e27c00aa.pdf,papers/2020/2020-09-24/Shift_1/Agriculture_Pharmacy/answer_key_3469e90148b8.pdf
,CollegeDekho,https://www.collegedekho.com/exam/ap-eamcet/previous-year-question-papers,https://static.collegedekho.com/media/django-summernote/2020-09-26/9faf2b46-8bb8-47df-a600-2bbbba6a5b6b.pdf,papers/2020/2020-09-24/Shift_2/Agriculture_Pharmacy/answer_key_5ac88568d5bb.pdf
,CollegeDekho,https://www.collegedekho.com/exam/ap-eamcet/previous-year-question-papers,https://static.collegedekho.com/media/django-summernote/2020-09-26/c810dbba-0914-43fd-b9cf-43368c29a529.pdf,papers/2020/2020-09-17/Shift_1/Engineering/answer_key_3bfcc5b0f6a1.pdf
2020_2020-09-17_Shift_1_Engineering_beb49464,CareerIndia,https://www.careerindia.com/exam/ap-eamcet-eapcet-question-papers-e21.html,https://www.careerindia.com/exam/ap-eamcet-engineering-answer-key-morning-17-sep-2020-1761.pdf,papers/2020/2020-09-17/Shift_1/Engineering/answer_key_dc8adf8f78fd.pdf
2020_2020-09-17_Shift_1_Engineering_9320ed79,Careers360,https://engineering.careers360.com/articles/ap-eamcet-sample-papers,https://cache.careers360.mobi/media/uploads/froala_editor/files/AP-EAMCET-2020-Sept-17-morning-answer-key.pdf,papers/2020/2020-09-17/Shift_1/Engineering/answer_key.pdf
2020_2020-09-17_Shift_2_Engineering_0a7bbcdf,CareerIndia,https://www.careerindia.com/exam/ap-eamcet-eapcet-question-papers-e21.html,https://www.careerindia.com/exam/ap-eamcet-engineering-answer-key-afternoon-17-sep-2020-1763.pdf,papers/2020/2020-09-17/Shift_2/Engineering/answer_key_ba23c7b0b011.pdf
,CollegeDekho,https://www.collegedekho.com/exam/ap-eamcet/previous-year-question-papers,https://static.collegedekho.com/media/django-summernote/2020-09-26/b7c861c1-fbcf-41e1-85d6-8addbfe8f028.pdf,papers/2020/2020-09-17/Shift_2/Engineering/answer_key_b397021ea2ad.pdf
2020_2020-09-17_Shift_2_Engineering_076a9316,Careers360,https://engineering.careers360.com/articles/ap-eamcet-sample-papers,https://cache.careers360.mobi/media/uploads/froala_editor/files/AP-EAMCET-2020-Sept-17-afternoon-answer-key.pdf,papers/2020/2020-09-17/Shift_2/Engineering/answer_key.pdf
,CollegeDekho,https://www.collegedekho.com/exam/ap-eamcet/previous-year-question-papers,https://static.collegedekho.com/media/django-summernote/2020-09-26/5cab6bcd-811a-4127-8dd7-5100889ed27e.pdf,papers/2020/2020-09-18/Shift_1/Engineering/answer_key_f927c2f7414a.pdf
2020_2020-09-18_Shift_1_Engineering_85b28f97,CareerIndia,https://www.careerindia.com/exam/ap-eamcet-eapcet-question-papers-e21.html,https://www.careerindia.com/exam/ap-eamcet-engineering-answer-key-morning-18-sep-2020-1765.pdf,papers/2020/2020-09-18/Shift_1/Engineering/answer_key_04b67e51e3ed.pdf
2020_2020-09-18_Shift_1_Engineering_b6089225,Careers360,https://engineering.careers360.com/articles/ap-eamcet-sample-papers,https://cache.careers360.mobi/media/uploads/froala_editor/files/AP-EAMCET-2020-Sept-18-morning-answer-key.pdf,papers/2020/2020-09-18/Shift_1/Engineering/answer_key.pdf
2020_2020-09-18_Shift_2_Engineering_f1f74528,CareerIndia,https://www.careerindia.com/exam/ap-eamcet-eapcet-question-papers-e21.html,https://www.careerindia.com/exam/ap-eamcet-engineering-answer-key-afternoon-18-sep-2020-1767.pdf,papers/2020/2020-09-18/Shift_2/Engineering/answer_key_5ae24366e171.pdf
,CollegeDekho,https://www.collegedekho.com/exam/ap-eamcet/previous-year-question-papers,https://static.collegedekho.com/media/django-summernote/2020-09-26/4d538261-b3fd-4751-b2d4-8babd972962d.pdf,papers/2020/2020-09-18/Shift_2/Engineering/answer_key_28e7b5f5a8b5.pdf
2020_2020-09-18_Shift_2_Engineering_a3e90cac,Careers360,https://engineering.careers360.com/articles/ap-eamcet-sample-papers,https://cache.careers360.mobi/media/uploads/froala_editor/files/AP-EAMCET-2020-Sept-18-afternoon-answer-key.pdf,papers/2020/2020-09-18/Shift_2/Engineering/answer_key.pdf
,CollegeDekho,https://www.collegedekho.com/exam/ap-eamcet/previous-year-question-papers,https://static.collegedekho.com/media/django-summernote/2020-09-26/10e9f3fa-3014-4705-9765-3eadb4759a4e.pdf,papers/2020/2020-09-25/Shift_1/Agriculture_Pharmacy/answer_key_b8caaaf96315.pdf
,CollegeDekho,https://www.collegedekho.com/exam/ap-eamcet/previous-year-question-papers,https://static.collegedekho.com/media/django-summernote/2020-09-26/761c84bc-d1bc-407a-9b1a-0e6645b35f9d.pdf,papers/2020/2020-09-25/Shift_2/Agriculture_Pharmacy/answer_key_fe44efc3bd99.pdf
2020_2020-09-22_Shift_1_Engineering_7f40111a,CareerIndia,https://www.careerindia.com/exam/ap-eamcet-eapcet-question-papers-e21.html,https://www.careerindia.com/exam/ap-eamcet-engineering-answer-key-morning-22-sep-2020-1773.pdf,papers/2020/2020-09-22/Shift_1/Engineering/answer_key_c0fa84b0f644.pdf
,CollegeDekho,https://www.collegedekho.com/exam/ap-eamcet/previous-year-question-papers,https://static.collegedekho.com/media/django-summernote/2020-09-26/4652de1b-eea0-4104-9d40-34142b608444.pdf,papers/2020/2020-09-22/Shift_1/Engineering/answer_key_0871a6f38e52.pdf
2020_2020-09-22_Shift_1_Engineering_5df26b01,Careers360,https://engineering.careers360.com/articles/ap-eamcet-sample-papers,https://cache.careers360.mobi/media/uploads/froala_editor/files/AP-EAMCET-2020-Sept-22-morning-answer-key.pdf,papers/2020/2020-09-22/Shift_1/Engineering/answer_key.pdf
,CollegeDekho,https://www.collegedekho.com/exam/ap-eamcet/previous-year-question-papers,https://static.collegedekho.com/media/django-summernote/2020-09-26/43f2e975-fe32-40f2-b016-bd1bc769d2fb.pdf,papers/2020/2020-09-22/Shift_2/Engineering/answer_key_2df8d2aadb82.pdf
2020_2020-09-22_Shift_2_Engineering_e0d4aec2,Careers360,https://engineering.careers360.com/articles/ap-eamcet-sample-papers,https://cache.careers360.mobi/media/uploads/froala_editor/files/AP-EAMCET-2020-Sept-22-afternoon-answer-key.pdf,papers/2020/2020-09-22/Shift_2/Engineering/answer_key.pdf
2020_2020-09-22_Shift_2_Engineering_c3abf4c2,CareerIndia,https://www.careerindia.com/exam/ap-eamcet-eapcet-question-papers-e21.html,https://www.careerindia.com/exam/ap-eamcet-engineering-answer-key-afternoon-22-sep-2020-1775.pdf,papers/2020/2020-09-22/Shift_2/Engineering/answer_key_fbee31d6bebb.pdf
2020_2020-09-21_Shift_1_Engineering_380a3e0e,CareerIndia,https://www.careerindia.com/exam/ap-eamcet-eapcet-question-papers-e21.html,https://www.careerindia.com/exam/ap-eamcet-engineering-answer-key-morning-21-sep-2020-1769.pdf,papers/2020/2020-09-21/Shift_1/Engineering/answer_key_b201875596bd.pdf
,CollegeDekho,https://www.collegedekho.com/exam/ap-eamcet/previous-year-question-papers,https://static.collegedekho.com/media/django-summernote/2020-09-26/6f8f4430-36c0-421c-a893-48d961a86062.pdf,papers/2020/2020-09-21/Shift_1/Engineering/answer_key_c8fba6ef43cb.pdf
2020_2020-09-21_Shift_1_Engineering_380a3e0e,Careers360,https://engineering.careers360.com/articles/ap-eamcet-sample-papers,https://cache.careers360.mobi/media/uploads/froala_editor/files/AP-EAMCET-2020-Sept-21-morning-answer-key.pdf,papers/2020/2020-09-21/Shift_1/Engineering/answer_key.pdf
,CollegeDekho,https://www.collegedekho.com/exam/ap-eamcet/previous-year-question-papers,https://static.collegedekho.com/media/django-summernote/2020-09-26/2361db00-00bb-48eb-8202-e169de4c8548.pdf,papers/2020/2020-09-21/Shift_2/Engineering/answer_key_1149dcd9b578.pdf
2020_2020-09-21_Shift_2_Engineering_2c87c5c0,CareerIndia,https://www.careerindia.com/exam/ap-eamcet-eapcet-question-papers-e21.html,https://www.careerindia.com/exam/ap-eamcet-engineering-answer-key-afternoon-21-sep-2020-1771.pdf,papers/2020/2020-09-21/Shift_2/Engineering/answer_key_c0edf90671f5.pdf
2020_2020-09-21_Shift_2_Engineering_c26b4aed,Careers360,https://engineering.careers360.com/articles/ap-eamcet-sample-papers,https://cache.careers360.mobi/media/uploads/froala_editor/files/AP-EAMCET-2020-Sept-21-afternoon-answer-key.pdf,papers/2020/2020-09-21/Shift_2/Engineering/answer_key.pdf
,CollegeDekho,https://www.collegedekho.com/exam/ap-eamcet/previous-year-question-papers,https://static.collegedekho.com/media/django-summernote/2020-09-26/ea621e1a-bfa4-485d-b470-e57674d37db3.pdf,papers/2020/2020-09-23/Shift_1/Engineering/answer_key_20ab8bd2739c.pdf
2020_2020-09-23_Shift_1_Engineering_cb7128c3,CareerIndia,https://www.careerindia.com/exam/ap-eamcet-eapcet-question-papers-e21.html,https://www.careerindia.com/exam/ap-eamcet-engineering-answer-key-morning-23-sep-2020-1777.pdf,papers/2020/2020-09-23/Shift_1/Engineering/answer_key_61f9a3630a46.pdf
2020_2020-09-23_Shift_1_Engineering_246f2345,Careers360,https://engineering.careers360.com/articles/ap-eamcet-sample-papers,https://cache.careers360.mobi/media/uploads/froala_editor/files/AP-EAMCET-2020-Sept-23-morning-answer-key.pdf,papers/2020/2020-09-23/Shift_1/Engineering/answer_key.pdf
,CollegeDekho,https://www.collegedekho.com/exam/ap-eamcet/previous-year-question-papers,https://static.collegedekho.com/media/django-summernote/2020-09-26/a671dc24-9562-4729-9ffe-b79b06fb4eb5.pdf,papers/2020/2020-09-23/Shift_2/Agriculture_Pharmacy/answer_key_b85cdbd6647f.pdf
2018_2018-04-22_Shift_1_Engineering_ba48ced2,CareerIndia,https://www.careerindia.com/exam/ap-eamcet-eapcet-question-papers-e21.html,https://www.careerindia.com/exam/ap-eamcet-engineering-answer-key-morning-22-april-2018-1302.pdf,papers/2018/2018-04-22/Shift_1/Engineering/answer_key_41ead0b336e2.pdf
2018_2018-04-22_Shift_2_Engineering_9eda7c0d,CareerIndia,https://www.careerindia.com/exam/ap-eamcet-eapcet-question-papers-e21.html,https://www.careerindia.com/exam/ap-eamcet-engineering-answer-key-afternoon-22-april-2018-1304.pdf,papers/2018/2018-04-22/Shift_2/Engineering/answer_key_33e1efd709e4.pdf
2018_2018-04-23_Shift_1_Engineering_fadc6ff7,CareerIndia,https://www.careerindia.com/exam/ap-eamcet-eapcet-question-papers-e21.html,https://www.careerindia.com/exam/ap-eamcet-engineering-answer-key-morning-23-april-2018-1307.pdf,papers/2018/2018-04-23/Shift_1/Engineering/answer_key_0ea3bf34c3f8.pdf
2018_2018-04-23_Shift_2_Engineering_9568d702,CareerIndia,https://www.careerindia.com/exam/ap-eamcet-eapcet-question-papers-e21.html,https://www.careerindia.com/exam/ap-eamcet-engineering-answer-key-afternoon-23-april-2018-1309.pdf,papers/2018/2018-04-23/Shift_2/Engineering/answer_key_c2d78c8c6fd9.pdf
2018_2018-04-24_Shift_1_Engineering_0b4ae9f8,CareerIndia,https://www.careerindia.com/exam/ap-eamcet-eapcet-question-papers-e21.html,https://www.careerindia.com/exam/ap-eamcet-engineering-answer-key-morning-24-april-2018-1311.pdf,papers/2018/2018-04-24/Shift_1/Engineering/answer_key_4d384dc62468.pdf
2018_2018-04-24_Shift_2_Engineering_68b4e4e5,CareerIndia,https://www.careerindia.com/exam/ap-eamcet-eapcet-question-papers-e21.html,https://www.careerindia.com/exam/ap-eamcet-engineering-answer-key-afternoon-24-april-2018-1313.pdf,papers/2018/2018-04-24/Shift_2/Engineering/answer_key_73fcc1a5c2f9.pdf
2018_2018-04-25_Shift_1_Agriculture_Pharmacy_4f0422ff,CareerIndia,https://www.careerindia.com/exam/ap-eamcet-eapcet-question-papers-e21.html,https://www.careerindia.com/exam/ap-eamcet-agriculture-medical-answer-key-morning-25-april-2018-1315.pdf,papers/2018/2018-04-25/Shift_1/Agriculture_Pharmacy/answer_key_ad8a29ab12f0.pdf
2018_2018-04-25_Shift_2_Agriculture_Pharmacy_a0e7feb6,CareerIndia,https://www.careerindia.com/exam/ap-eamcet-eapcet-question-papers-e21.html,https://www.careerindia.com/exam/ap-eamcet-agriculture-medical-answer-key-afternoon-25-april-2018-1317.pdf,papers/2018/2018-04-25/Shift_2/Agriculture_Pharmacy/answer_key_d57076905087.pdf
2019_2019-04-21_Shift_1_Engineering_f6ca6c02,Careers360,https://engineering.careers360.com/articles/ap-eamcet-sample-papers,https://static.careers360.mobi/media/uploads/froala_editor/files/APEAMCET-2019-Answer-Key-April-21-Forenoon.pdf,papers/2019/2019-04-21/Shift_1/Engineering/answer_key.pdf
2019_2019-04-21_Shift_1_Engineering_f6ca6c02,CareerIndia,https://www.careerindia.com/exam/ap-eamcet-eapcet-question-papers-e21.html,https://www.careerindia.com/exam/ap-eamcet-engineering-answer-key-morning-21-april-2019-1414.pdf,papers/2019/2019-04-21/Shift_1/Engineering/answer_key_39921418bfef.pdf
2019_2019-04-21_Shift_2_Engineering_ef9d6cb1,CareerIndia,https://www.careerindia.com/exam/ap-eamcet-eapcet-question-papers-e21.html,https://www.careerindia.com/exam/ap-eamcet-engineering-answer-key-afternoon-21-april-2019-1416.pdf,papers/2019/2019-04-21/Shift_2/Engineering/answer_key_5306d4dd4de6.pdf
2019_2019-04-21_Shift_2_Engineering_ef9d6cb1,Careers360,https://engineering.careers360.com/articles/ap-eamcet-sample-papers,https://static.careers360.mobi/media/uploads/froala_editor/files/APEAMCET-2019-Answer-Key-April-21-Afternoon.pdf,papers/2019/2019-04-21/Shift_2/Engineering/answer_key.pdf
2019_2019-04-23_Shift_1_Engineering_770cbb99,Careers360,https://engineering.careers360.com/articles/ap-eamcet-sample-papers,https://static.careers360.mobi/media/uploads/froala_editor/files/APEAMCET-2019-Answer-Key-April-23-Forenoon.pdf,papers/2019/2019-04-23/Shift_1/Engineering/answer_key.pdf
2019_2019-04-23_Shift_2_Agriculture_Pharmacy_cf56688d,CareerIndia,https://www.careerindia.com/exam/ap-eamcet-eapcet-question-papers-e21.html,https://www.careerindia.com/exam/ap-eamcet-agricultural-medical-answer-key-afternoon-23-april-2019-1425.pdf,papers/2019/2019-04-23/Shift_2/Agriculture_Pharmacy/answer_key_8fd280702227.pdf
2019_2019-04-24_Shift_1_Agriculture_Pharmacy_6ff9337c,CareerIndia,https://www.careerindia.com/exam/ap-eamcet-eapcet-question-papers-e21.html,https://www.careerindia.com/exam/ap-eamcet-agricultural-medical-answer-key-morning-24-april-2019-1427.pdf,papers/2019/2019-04-24/Shift_1/Agriculture_Pharmacy/answer_key_e357ea9c9c1b.pdf
2019_2019-04-24_Shift_2_Agriculture_Pharmacy_9b3ca1d1,CareerIndia,https://www.careerindia.com/exam/ap-eamcet-eapcet-question-papers-e21.html,https://www.careerindia.com/exam/ap-eamcet-agricultural-medical-answer-key-afternoon-24-april-2019-1429.pdf,papers/2019/2019-04-24/Shift_2/Agriculture_Pharmacy/answer_key_14d632a82171.pdf
2019_2019-04-20_Shift_1_Engineering_78d467b9,CareerIndia,https://www.careerindia.com/exam/ap-eamcet-eapcet-question-papers-e21.html,https://www.careerindia.com/exam/ap-eamcet-engineering-answer-key-morning-20-april-2019-1410.pdf,papers/2019/2019-04-20/Shift_1/Engineering/answer_key_d74ed9f780e3.pdf
2019_2019-04-20_Shift_1_Engineering_78d467b9,Careers360,https://engineering.careers360.com/articles/ap-eamcet-sample-papers,https://static.careers360.mobi/media/uploads/froala_editor/files/APEAMCET-2019-Answer-Key-April-20-Forenoon.pdf,papers/2019/2019-04-20/Shift_1/Engineering/answer_key.pdf
2019_2019-04-20_Shift_2_Engineering_1c2dd9f5,CareerIndia,https://www.careerindia.com/exam/ap-eamcet-eapcet-question-papers-e21.html,https://www.careerindia.com/exam/ap-eamcet-engineering-answer-key-afternoon-20-april-2019-1412.pdf,papers/2019/2019-04-20/Shift_2/Engineering/answer_key_c1d5815db657.pdf
2019_2019-04-20_Shift_2_Engineering_bc190976,Careers360,https://engineering.careers360.com/articles/ap-eamcet-sample-papers,https://static.careers360.mobi/media/uploads/froala_editor/files/APEAMCET-2019-Answer-Key-April-20-Afternoon.pdf,papers/2019/2019-04-20/Shift_2/Engineering/answer_key.pdf
,CollegeDekho,https://www.collegedekho.com/exam/ap-eamcet/previous-year-question-papers,https://static.collegedekho.com/media/django-summernote/2019-09-03/b0e677f5-cca0-4545-aa7a-c08cc14565cd.pdf,papers/2019/Date_Not_Identified/Shift_1/Agriculture_Pharmacy/answer_key_4c7810c5ec45.pdf
,CollegeDekho,https://www.collegedekho.com/exam/ap-eamcet/previous-year-question-papers,https://static.collegedekho.com/media/django-summernote/2019-09-03/1d92faba-6bda-474d-9301-7cd031a87861.pdf,papers/2019/Date_Not_Identified/Shift_1/Engineering/answer_key_0f99617fe279.pdf
,CollegeDekho,https://www.collegedekho.com/exam/ap-eamcet/previous-year-question-papers,https://static.collegedekho.com/media/django-summernote/2019-09-03/84c0ebb4-141d-46bd-ba71-4a873242a6a2.pdf,papers/2019/Date_Not_Identified/Shift_1/Engineering/answer_key_b3739de87100.pdf
,CollegeDekho,https://www.collegedekho.com/exam/ap-eamcet/previous-year-question-papers,https://static.collegedekho.com/media/django-summernote/2019-09-03/3221b1e6-8511-4f49-8b0c-d8de8067b72d.pdf,papers/2019/Date_Not_Identified/Shift_1/Engineering/answer_key_a4b548c9ac50.pdf
,CollegeDekho,https://www.collegedekho.com/exam/ap-eamcet/previous-year-question-papers,https://static.collegedekho.com/media/django-summernote/2019-09-03/2e25e713-c10a-4e7b-8605-ba820cee159c.pdf,papers/2019/Date_Not_Identified/Shift_1/Engineering/answer_key_a30bc93920ec.pdf
,CollegeDekho,https://www.collegedekho.com/exam/ap-eamcet/previous-year-question-papers,https://static.collegedekho.com/media/django-summernote/2019-09-03/f62ef809-fb5d-477e-9ef1-ac714f5c701e.pdf,papers/2019/Date_Not_Identified/Shift_2/Agriculture_Pharmacy/answer_key_ca356ce02bc6.pdf
,CollegeDekho,https://www.collegedekho.com/exam/ap-eamcet/previous-year-question-papers,https://static.collegedekho.com/media/django-summernote/2019-09-03/00c2600d-64ff-44d1-abcb-12ca5ac29222.pdf,papers/2019/Date_Not_Identified/Shift_2/Agriculture_Pharmacy/answer_key_f99aaa42507f.pdf
,CollegeDekho,https://www.collegedekho.com/exam/ap-eamcet/previous-year-question-papers,https://static.collegedekho.com/media/django-summernote/2019-09-03/aad98254-624b-486d-a5d7-1cd885c60325.pdf,papers/2019/Date_Not_Identified/Shift_2/Engineering/answer_key_9916252b6c16.pdf
,CollegeDekho,https://www.collegedekho.com/exam/ap-eamcet/previous-year-question-papers,https://static.collegedekho.com/media/django-summernote/2019-09-03/ae77a0e9-74d9-4447-97dc-7f62ca43a978.pdf,papers/2019/Date_Not_Identified/Shift_2/Engineering/answer_key_0381cbf68cef.pdf
,CollegeDekho,https://www.collegedekho.com/exam/ap-eamcet/previous-year-question-papers,https://static.collegedekho.com/media/django-summernote/2019-09-03/430aba52-0cd0-48d5-9bd7-76d24f4ffa7c.pdf,papers/2019/Date_Not_Identified/Shift_2/Engineering/answer_key_8738e1bc3c59.pdf
2019_2019-04-22_Shift_1_Engineering_9f1fbccb,CareerIndia,https://www.careerindia.com/exam/ap-eamcet-eapcet-question-papers-e21.html,https://www.careerindia.com/exam/ap-eamcet-engineering-answer-key-morning-22-april-2019-1419.pdf,papers/2019/2019-04-22/Shift_1/Engineering/answer_key_a09fe5fe2313.pdf
2019_2019-04-22_Shift_1_Engineering_9f1fbccb,Careers360,https://engineering.careers360.com/articles/ap-eamcet-sample-papers,https://static.careers360.mobi/media/uploads/froala_editor/files/APEAMCET-2019-Answer-Key-April-22-Forenoon.pdf,papers/2019/2019-04-22/Shift_1/Engineering/answer_key.pdf
2019_2019-04-22_Shift_2_Engineering_f86d6bfb,Careers360,https://engineering.careers360.com/articles/ap-eamcet-sample-papers,https://static.careers360.mobi/media/uploads/froala_editor/files/APEAMCET-2019-Answer-Key-April-22-Afternoon.pdf,papers/2019/2019-04-22/Shift_2/Engineering/answer_key.pdf
2019_2019-04-22_Shift_2_Engineering_f62a539b,CareerIndia,https://www.careerindia.com/exam/ap-eamcet-eapcet-question-papers-e21.html,https://www.careerindia.com/exam/ap-eamcet-engineering-answer-key-afternoon-22-april-2019-1421.pdf,papers/2019/2019-04-22/Shift_2/Engineering/answer_key_bcdd8a739ec6.pdf
