year,subject,stream,archive_records,matched_in_chapters,retained_in_missing
2015,Chemistry,Agriculture_Pharmacy,40,0,40
2015,Chemistry,Engineering,40,0,40
2015,Mathematics,Engineering,80,0,80
2015,Physics,Agriculture_Pharmacy,40,0,40
2015,Physics,Engineering,40,0,40
2016,Chemistry,Engineering,40,0,40
2016,Mathematics,Engineering,80,0,80
2016,Physics,Engineering,39,0,39
2017,Chemistry,Agriculture_Pharmacy,80,0,80
2017,Chemistry,Engineering,240,0,240
2017,Mathematics,Engineering,480,0,480
2017,Physics,Agriculture_Pharmacy,80,0,80
2017,Physics,Engineering,240,0,240
2018,Chemistry,Agriculture_Pharmacy,80,0,80
2018,Chemistry,Engineering,240,0,240
2018,Mathematics,Engineering,480,0,480
2018,Physics,Agriculture_Pharmacy,80,0,80
2018,Physics,Engineering,240,0,240
2019,Chemistry,Agriculture_Pharmacy,120,0,120
2019,Chemistry,Engineering,280,0,280
2019,Mathematics,Engineering,560,0,560
2019,Physics,Agriculture_Pharmacy,120,0,120
2019,Physics,Engineering,280,0,280
2020,Chemistry,Agriculture_Pharmacy,240,0,240
2020,Chemistry,Engineering,400,0,400
2020,Mathematics,Engineering,800,0,800
2020,Physics,Agriculture_Pharmacy,240,0,240
2020,Physics,Engineering,400,0,400
2021,Chemistry,Agriculture_Pharmacy,200,0,200
2021,Chemistry,Engineering,400,79,321
2021,Mathematics,Engineering,800,50,750
2021,Physics,Agriculture_Pharmacy,200,0,200
2021,Physics,Engineering,400,98,302
2022,Chemistry,Agriculture_Pharmacy,160,0,160
2022,Chemistry,Engineering,400,54,346
2022,Mathematics,Engineering,800,43,757
2022,Physics,Agriculture_Pharmacy,160,0,160
2022,Physics,Engineering,400,54,346
2023,Chemistry,Agriculture_Pharmacy,160,0,160
2023,Chemistry,Engineering,360,0,360
2023,Mathematics,Engineering,720,0,720
2023,Physics,Agriculture_Pharmacy,160,0,160
2023,Physics,Engineering,360,0,360
2024,Chemistry,Agriculture_Pharmacy,160,0,160
2024,Chemistry,Engineering,360,169,191
2024,Mathematics,Engineering,720,100,620
2024,Physics,Agriculture_Pharmacy,160,0,160
2024,Physics,Engineering,360,175,185
2025,Chemistry,Agriculture_Pharmacy,160,0,160
2025,Chemistry,Engineering,400,154,246
2025,Mathematics,Engineering,800,112,688
2025,Physics,Agriculture_Pharmacy,160,0,160
2025,Physics,Engineering,400,163,237
2026,Chemistry,Agriculture_Pharmacy,160,0,160
2026,Chemistry,Engineering,400,0,400
2026,Mathematics,Engineering,800,0,800
2026,Physics,Agriculture_Pharmacy,160,0,160
2026,Physics,Engineering,400,0,400
